,Date,User,Message,Platform,InteracFrequency
0,29.12.2022 17:15:39 UTC+01:00,user29505,"No sé cuando empecé a volverme dependiente de los videojuegos para evitar mi realidad. Al inicio era divertido, tirarse 8 horas jugando con un jefe que cuesta, o algún FPS e incluso juegos de turnos como puede ser for the King. Ya luego te vas dando cuenta que disfrutas los primero 40 minutos y después jugas porque solo sabe hacer eso Muchas veces me causa ansiedad estar sin juegar haciendo nada y me siento pelotuda, pero es que necesito la sensación de que gano algo, de que gano un evento, nivel, farmeo o elo. Y no es como que en la vida diaria no reciba estímulos o dopamina, si los recibo pero se quedan sinceramente cortos.",Reddit,MF
1,29.12.2022 18:00:40 UTC+01:00,user29505,"Si es muy fuerte si, ya me trajo problemas a nivel físico esta adicción, me diagnosticaron tendinitis, imagínate. Lo de la alarmas me parece re buena idea pero conociendome suena y la apago, encima todos mis amigos juegan también viste? Y lo típico nos arrastramos unos entre otros para jugar. Eso de los juegos sin un punto lo conozco bien, son los que más me vician muchas veces no tengo como saber cuanto jugué y a mi me parece re poco, pero me deje varias horas. Nada en fin voy a tratar de implementar la de no más de 3 horas de corrido. Gracias",Reddit,MF
2,29.12.2022 17:25:40 UTC+01:00,user29505,"Y estoy a tiempo ahora, pero hubo una época que no tocaba pasto, hasta me volví Blanca de no salir al sol fuera de joda 🤣",Reddit,MF
3,29.12.2022 18:05:37 UTC+01:00,user29505,"Me lo planteo varias veces, pero recibí terapia ya antes por otras cuestiones y no tuve las mejores experiencias. Le agarré un cierto repelús",Reddit,MF
4,29.12.2022 18:49:14 UTC+01:00,user29505,"No juego sola, lo que más juego son títulos que requieran del farmeo extremo, ya sea de un arma, componente, personaje o lo que sea",Reddit,MF
5,30.12.2022 02:18:49 UTC+01:00,user29518,"Ah, pero eso son los juegos más low-level. Que a ver, jugá lo que se te cante, pero eso es más un problema de viene por la aceptación de terceros. Intentá agarrarte un juego, ponelo en la dificultad más dificil que tenga, ganantelo 100% y desinstalalo. Nadie sabe y nadie tiene que saber, solo te tiene que importar a vos. Tenés que disfrutar el journey y no la destination como dice el dicho yankee.",Reddit,MF
6,30.12.2022 02:26:44 UTC+01:00,user29505,"Xd? Que me estas diciendo sin conocerme de nada pibe, me pase todos los dark souls, me pase el elden, me pase el sekiro, tenía 11 años y estaba jugando al God of ward en dificultad dios de la guerra, me pasé bloodborne y recientemente intenté un no hit en tails of iron. Si me vicio más al full farmeo es porque es mi forma favorita de disfrutar los juegos cancherito",Reddit,MF
7,30.12.2022 02:35:35 UTC+01:00,user29518,"Ahí va, pero el problema sigue siendo que tenés tendencia a jugar juegos que tienen elementos adictivos añadidos como mecánica. Entonces tu adicción va por el lado de cómo disfrutas los juegos y qué jugás. Que ta bien, pero es más un problema tuyo y no tanto de los videojuegos. Se soluciona fácil jugando singleplayers que no tengan nada de farmeo y grinding. Y che, uno acá tranqui and you had to go and make it all personal. Edit: Si me contestás seguro demore porque me acabo de bajar el pigskin 621 ad, juegaso de arcade, me via tirar unas partiditas.",Reddit,MF
8,30.12.2022 02:37:30 UTC+01:00,user29505,Que me hablas en Inglés salame que estamos en Uruguay 🤨 Y usted fue el que me llamó básicamente pete de mierda y ahora finge demencia como cuando las viejas chusmas se ponen pasivas agresivas,Reddit,MF
9,29.12.2022 18:45:09 UTC+01:00,user29505,"MMM porque es un reto, estratégico, de coordinación y esas cosas",Reddit,MF
10,30.12.2022 02:20:01 UTC+01:00,user29518,"Eh, como que no se puede estar para el ocio. Hedonismo pa, una vez muerto no hay nada, dale duro.",Reddit,MF
11,30.12.2022 02:16:06 UTC+01:00,user29518,"No se que te llevó a ese nivel. Yo desde chico que juego mucho, cuando estudiaba solo me pasaba jugando. Nunca me jodió, siempre tuve buenas notas y ahora que estoy trabajando me compré una mejor máquina y soy feliz jugando luego del laburo. Y, a ver, es obvio que acarrea problemas de salud, porque es algo inherentemente sedentario, pero yo siempre digo que si te hace felíz hacelo. No tiene sentido vivir para vivir nomás, hay que vivir para ser felíz. La felicidad viene de formas diferentes para cada uno, no hay una felicidad verdadera por definición, por eso me calienta cuando la gente arbitrariamente se cree con la potestad de decirte cómo ser feliz correctamente. ¿Te gusta jugar? Dale duro entonces, disfrutá. ¿No te gusta? Bueno, ta bien, hace otra cosa o no hagas nada. Otra cosa es que ser adicto a los juegos hasta el punto de que no seas funcional es una pelotudez, esa gente que no trabaja porque quiere jugar no se como no piensan que si no tienen plata no comen, y si no comen no viven, y al no vivir no podés jugar. Con esa lógica deberías vivir bien tranqui.",Reddit,MF
12,30.12.2022 14:06:50 UTC+01:00,user29505,"Sip me sirve la opinión amigo, por suerte cumplo obviamente mis responsabilidades del día a día, medio que mi salud articular la descuide un poco si y el año pasado me costaba mucho escribir, pero ya me traté y ando mejor. En fin yo también me refugie en los videojuegos, como la mayoría que los jugamos desde pequeños",Reddit,MF
13,29.12.2022 17:42:16 UTC+01:00,user29505,FA es algo que siempre me llamo pero no supe como meterme en la onda? Y si jugué esos juegos jajaja aunque el warframe ya me re quemo,Reddit,MF
14,29.12.2022 18:24:28 UTC+01:00,user29505,Si per cuando se lleva todo tu día hay que moderar:c,Reddit,MF
15,29.12.2022 18:31:11 UTC+01:00,user29505,Ahorita no,Reddit,MF
16,29.12.2022 18:44:13 UTC+01:00,user29505,"No trabajo porque no preciso realmente solo por eso, trabajé un tiempo pero ahora no mes es necesario",Reddit,MF
17,29.12.2022 18:59:19 UTC+01:00,user29505,"Enrealidad tengo responsabilidades, las cumplo, a cambio sacrifico comidas o horas de sueño para jugar mucho igualmente. En fin, como dijo arriba un chico, se empieza de a poco a dejar.",Reddit,MF
18,30.12.2022 02:20:51 UTC+01:00,user29518,Eso si que es de pelotudo.,Reddit,MF
19,29.12.2022 17:40:46 UTC+01:00,user29505,"Por suerte ya asisto al gimnasio, pero voy una horita y media. Después me entierro en el cuarto, igual asumo que cuando entre a estudiar devuelta me voy a ocupar más",Reddit,MF
20,29.12.2022 17:49:02 UTC+01:00,user29505,"Si eso es verdad, el otro año estuve unos meses trabajando y  la pasé mal, en sentido que no podía jugar, tenía que cuidar comer, dormir, trabajo, mantener la pieza etc en fin se agradecen los consejos jajaja",Reddit,MF
21,30.12.2022 13:10:55 UTC+01:00,user29539,Jugás 8 horas por día? Osea no trabajas ni estudias?,Reddit,MF
22,30.12.2022 13:12:16 UTC+01:00,user29505,Nop,Reddit,MF
23,30.12.2022 13:14:34 UTC+01:00,user29539,"Bueno ahí tenés tu problema, manejas tremendo ocio, si tuvieras que levantarte temprano para ir a trabajar no estarías tanto tiempo jugando. Si sos menor de edad ta vaya y pase porque no vas a encontrar laburo pero que no se te haga costumbre porque la vida adulta es cruel",Reddit,MF
24,30.12.2022 13:24:29 UTC+01:00,user29505,"Xd? No soy menor de edad, no trabajo porque mi economía me lo permite, tengo responsabilidades como todos, únicamente sacfrico otras cosas como horas de sueño para jugar más amigo",Reddit,MF
25,30.12.2022 13:38:16 UTC+01:00,user29539,"Probelmas de chetos lo tuyo, arranca para las 8 horas que se te pasa",Reddit,MF
26,30.12.2022 13:53:23 UTC+01:00,user29505,Jajaja un resentimiento social muy fuerte ahí,Reddit,MF
27,30.12.2022 13:59:15 UTC+01:00,user29539,"De una y más vale, anda a que mamá te haga la cocoa",Reddit,MF
28,30.12.2022 14:03:55 UTC+01:00,user29505,"No vivo con mi madre 🤨 Me das mucha risa, aseguro votas al frente amplio y sos zurdo, otra explicación no le encuentro a tanto resentimiento porque mi estado económico es estable",Reddit,MF
29,30.12.2022 14:06:22 UTC+01:00,user29539,"Estable ? No trabajas osea que te mantiene otra que estable diría yo. Y porque asumía que soy del frente amplio? Si hablo de meritocracia no estaría mas serca de los libertarios que de la izquierda? En fin que la pases lindo en tu burbuja fíjate que hay de oferta en Steam, feliz fin de año",Reddit,MF
30,30.12.2022 14:10:25 UTC+01:00,user29505,"No amigo no estarías más cerca de los libertarios si te metes con alguien porque tiene la suerte de tener buena economía, lo primero en los libertarios es el respeto por los demás no la meritocracia y nadie me mantiene literal🤣 . Y no hablaste de meritocracia, llamaste a alguien ""cheto"" que se usa para una actitud no un estado económico empezando por ahí, luego me mandaste a tomar una cocoa¿? Eso no es meritocracia eso es resentimiento puro y duro. No sabes nada de mi ni lo que hice en mi vida o no, ni los estudios que tengo o no jajaja así que tómate un te y lo siento por vos si tu vida es tan mierda que estás lleno de odio 😊😼",Reddit,MF
31,30.12.2022 15:53:16 UTC+01:00,user29505,"Na yo también cuando trabajaba podía jugar nomas una horita. Me habían recomendado aprender algo nuevo si, pero conociendome me podría aburrir rápido. Al final dije pongo en práctica lo que menciono un tipo por ahí arriba de ponerme una alarma para no jugar más de 3 horas seguidas y hacer algo.",Reddit,MF
32,30.12.2022 16:07:17 UTC+01:00,user29505,"Pero eso ya lo sé por algo hice la publicación. Lo que si hobbie no me falta porque es jugar jajaja, pero enserio ya le mencioné a otro tipo, no necesito trabajar por eso no trabajo. Lo que si tengo responsabilidades y incluso voy al gimnasio xd no es que no haga nada, es que hago las cosas igual pero sacrificó horas de sueño para jugar mucho de todas formas",Reddit,MF
33,31.01.2022 11:23:40 UTC+01:00,user29554,"Voy a tratar de no entrar mucho en detalle, ya que todos estos temas los vengo hablando con la psicóloga y otros expertos. Estoy en tratamiento por depresión hace un par de años ya, y con medicación. En la última sesión que tuve, mi psicóloga me animó a que tratáramos de atacar directamente mi tema con los videojuegos. Me pidió que buscara grupos de ayuda (o adicción) que traten este problema. Si alguno sabe del tema me ayudaría mucho que me aconseje. Saludos gente. EDIT: Muchas gracias por todo el feedback gente! Me sirve un montón todas las cosas que me comentaron. Gracias de nuevo!",Reddit,MF
34,31.01.2022 13:08:20 UTC+01:00,user29554,No problem 😎. Muchas gracias!,Reddit,MF
35,31.01.2022 13:20:11 UTC+01:00,user29554,"El tema es que la modalidad online me destruyó completamente. E ir presencial me mata para la facultad. Soy una máquina de excusas, ya sé. De mi último laburo me terminaron rajando porque no aparecía.",Reddit,MF
36,31.01.2022 13:07:36 UTC+01:00,user29554,Todo sirve. Ya pregunté en otros lados también. Voy tanteando y agarrando lo que me va llamando la atención.,Reddit,MF
37,31.01.2022 21:58:30 UTC+01:00,user29554,En la PC en la que laburo. Como soy programador me cuesta mucho salir del ambiente este.,Reddit,MF
38,31.01.2022 13:05:25 UTC+01:00,user29554,"Fue un ejemplo el que tiró. Ella conoce de grupos para adictos a otras cosas, y me dijo que puede ser un buen refuerzo para el tratamiento. Ésta es la que quiero hacer pero me da pánico. Siempre me come la ansiedad. También el tema es que soy programador y laburo con la PC que tengo.",Reddit,MF
39,02.02.2022 05:03:51 UTC+01:00,user29554,"Y así lo recibo, muchas gracias!",Reddit,MF
40,31.01.2022 22:00:10 UTC+01:00,user29554,Lo descubrí hace unos meses!!! Me describió perfecto en uno de sus videos y desde entonces lo veo cada tanto. Me ayuda bastante,Reddit,MF
41,31.01.2022 12:18:59 UTC+01:00,user29585,Si no lo podes dosificar tenés que sacar el problema de raíz. Regala las consolas y cambia la PC por una torta que no corra ni el Tetris,Reddit,MF
42,31.01.2022 13:09:26 UTC+01:00,user29554,"Es la que me dicen mis amigos. Pero soy incapaz de soltar el monstruo que vengo armando hace años, sobre todo con la nueva 3080 que me llegó.",Reddit,MF
43,31.01.2022 13:10:33 UTC+01:00,user29585,Ponela a minar ethereum o vendela. Yo tuve un problemita con world of warcraft y la única manera fue borrar los personajes.,Reddit,MF
44,31.01.2022 13:18:09 UTC+01:00,user29554,La fuerza que tuviste que haber juntado...,Reddit,MF
45,31.01.2022 13:22:09 UTC+01:00,user29585,"This is the way. En realidad es darte cuenta del problema. Por como lo escribís te das cuenta que todos ven tu problema pero no estás listo para realmente verlo por vos mismo. No lo tomes como un ataque, es una opinión de un desconocido. No creas que lo vas a poder controlar. Hace algo para festejar el momento... Salí con fuegos artificiales, algo memorable. Yo saludé a todos con los personajes y me fui despidiendo con cada uno mientras me pedían que los regale o los rife. Busca algo así ...",Reddit,MF
46,31.01.2022 13:25:49 UTC+01:00,user29554,"Que lindo jajaja. Me encantaría pero no tengo juegos de ese estilo con amigos que siga viendo, hace años que no le charlo a alguno. La verdad es que todos ven el problema, incluso yo, pero no lo quiero dejar. Me imagino dejando de jugar y no quiero. Por eso ya estoy como desesperado, no puede ser que tenga tan poca fuerza de voluntad.",Reddit,MF
47,31.01.2022 13:27:38 UTC+01:00,user29585,Es eso. Cuando lo veas vos lo vas a poder dejar. Pero un clavo saca a otro. Tenés que buscar algo que te premie en dopamina.,Reddit,MF
48,31.01.2022 13:13:44 UTC+01:00,user29585,"Algo que dicen los que dejan el cigarrillo es que tenés que cambiar el hábito por algo positivo. Salir a correr, programar, tener una mascota. Pedirle ayuda a alguien profesional. La compu se tiene que ir... Y cuando te sientas recuperado busca si volves a jugar no tengan loot, y cualquier mecánica adictiva. Vas a volver a jugar pero tenés que buscar una manera más sana.",Reddit,MF
49,02.02.2022 07:35:19 UTC+01:00,user29554,Muchas gracias por las palabras.,Reddit,MF
50,31.01.2022 13:12:41 UTC+01:00,user29554,"Tener una vida sana. Siempre estoy pensando en jugar y el fin de mi vida siempre parece que es estar sentado en la PC. Lo peor es que no la paso bien cuando juego y no quiero estar así. El cambio viene porque hace unos meses me echaron de mi laburo por no hacer nada (me la pasaba viciando), y sumado a otras cosas que me cuestan de mi vida cotidiana me doy cuenta de que no puedo seguir así. Desde ya si puedo jugar como una persona normal, buenísimo. Pero realmente siento que tengo una adicción.",Reddit,MF
51,31.01.2022 13:15:16 UTC+01:00,user29554,Es que no quería entrar en mucho detalle porque son temas muy largos y que ya tengo tratados con la psicóloga. Considero que es adicción porque no estoy pudiendo avanzar con mi vida y estoy estancado con los estudios y mi carrera.,Reddit,MF
52,31.01.2022 13:13:46 UTC+01:00,user29554,El 3 está al lado de la E y le debe estar pifiando a la tecla.,Reddit,MF
53,31.01.2022 13:16:19 UTC+01:00,user29554,"Qcyo, estoy tanteando. Por ahí acá encontraba gente que ya tuvo el mismo problema y me puede recomendar ya sea tratamientos, institutos, etc.",Reddit,MF
54,01.02.2022 00:49:36 UTC+01:00,user29554,26,Reddit,MF
55,01.02.2022 05:31:06 UTC+01:00,user29554,El tema es que si lo sigo disfrutando así voy a tener que vivir abajo de un puente en unos años.,Reddit,MF
56,02.01.2023 01:54:36 UTC+01:00,user29668,"Bueno, les pongo en contexto: Soy un chaval de 16 años (casi) y tengo totalmente dejados los estudios, básicamente no hago nada de nada. Mi madre me lo reprocha e intenta que haga algo pero no lo logra. Soy consciente de que no puedo pasarme así la vida, debería estar entrenando, estudiando etc pero tengo demasiada pereza y adicción a los videojuegos. Me gustaría programar pero no sé por dónde empezar... Denme sus consejos para vencer la pereza, y para empezar en programación, recomiendenme lenguajes, díganme qué debería hacer etc etc. Cualquier consejo me es útil ;) los estaré leyendo",Reddit,MF
57,02.01.2023 02:10:49 UTC+01:00,user29668,"Gracias por la ayuda bro, intentaré seguir tus consejos",Reddit,MF
58,02.01.2023 23:06:21 UTC+01:00,user29668,"Muchísimas gracias por tus consejos. Lo de las metas a corto plazo es muy buena idea y creo que me servirá para ir cogiendo confianza en mi mismo y quitarme la pereza. En cuanto a los videojuegos me cuesta demasiado dejarlo a una hora en concreto a menos que haya quedado con los amigos o algo parecido, creo que debería empezar a programar como loco y olvidarme de ellos por un buen tiempo. Gracias otra vez por tu ayuda :)",Reddit,MF
59,02.01.2023 22:57:44 UTC+01:00,user29668,"Lo primero muchas gracias por tu ayuda^ se que programar es una tardea ardua pero me atrae desde hace bastante tiempo y empecé algunos cursos, no se me complicó e iba bien pero la pereza e invertir las horas de programación en jugar me hizo dejarlo, intentaré poner en práctica tus consejos, sobre todo el de hacer deporte.",Reddit,MF
60,12.01.2023 09:11:32 UTC+01:00,user29668,"Muchísimas gracias amiga :) creo que tienes toda la razón y que lo más importante es acabar los estudios, veré cómo me las apaño.",Reddit,MF
61,30.12.2022 03:38:52 UTC+01:00,user29510,Quienes son ustedes? Dustin Henderson y Eddie Munson? Jajaja,Reddit,LF
62,30.12.2022 03:32:50 UTC+01:00,user29510,Blanca de Street Fighter?,Reddit,LF
63,29.12.2022 18:03:26 UTC+01:00,user29515,"Terapia profesional sería un camino interesante, algo de introspección tenés ya hecha “…tiempo sin ganar nada”. Es muy interesante esa observación, en terapia probablemente puedas llegar a la raíz de esos sentimientos y puedas comenzar a construir otros hábitos o incluso reconstruir el mismo pero más saludablemente. Ánimo.",Reddit,LF
64,29.12.2022 18:44:26 UTC+01:00,user29515,"Lamento mucho que hayas tenido esa experiencia tan negativa. Si alguna vez te animás a re intentar, no dudes en escribirme, al menos en Montevideo conozco dos profesionales muy buenos, licenciados en psicología y monitoreados ellos mismos por medio de otros profesionales. Más allá de todo, ánimo, y que todo te salga bien.",Reddit,LF
65,30.12.2022 16:08:41 UTC+01:00,user29521,No creo jajaj,Reddit,LF
66,29.12.2022 18:43:56 UTC+01:00,user29523,8 horas con un solo jefe? Mamita poshooo. Nunca voy a entender a la gente q le gusta sufrir así con los videojuegos. Yo si se me complica paso de largo. Para cosas complicadas ya está la vida misma,Reddit,LF
67,29.12.2022 18:50:19 UTC+01:00,user29523,Mi vida cotidiana ya es un reto. Pero ta respeto que se que hay gente q le gustan los juegos difíciles. Yo prefiero el poco tiempo q tengo para jugar sentarme a divertirme y pasarla bien y perder 20 veces en el mismo lugar no es mi idea de diversión.,Reddit,LF
68,29.12.2022 17:38:26 UTC+01:00,user29532,"De arranque podrías ponerte alguna actividad fuera de casa que consuma horas, caminar, hacer bici, practicar algún deporte o gym, si tenés alguna amiga o amigo juntarse a tomar unos mates o algo de eso. Ahora que el clima está lindo es especial para hacer bici bien en la tardecita",Reddit,LF
69,29.12.2022 17:44:31 UTC+01:00,user29532,"Sinceramente te diría que aproveches el despilfarro de horas que tenés para jugar, una vez arrancas a estudiar se reduce considerablemente, y bueno cuando empieces a trabajar y a eso le sumes algún proyecto personal olvídate, vas a tener las horas contadas para el vicio 🥲",Reddit,LF
70,30.12.2022 15:49:15 UTC+01:00,user29540,"A mí se me fue cuando empecé a laburar con mi viejo de adolescente. Que conste que no te estoy mandando a laburar, pero si ocupas tu tiempo vas a tener menos tiempo para jugar. Te diría que intentes aprender un idioma nuevo, alguno complicado en lo posible",Reddit,LF
71,30.12.2022 16:06:09 UTC+01:00,user29540,"Bueno, suerte",Reddit,LF
72,30.12.2022 16:58:32 UTC+01:00,user29521,Y buscate alguna actividad que no sea eso. sencillo. Yo pasaba 20 horas adelante de la pc solo xq no tenia otra cosa que hacer. Buscate un trabajo o alguna actividad que te mantenga ocupada eso te va a ayudar.,Reddit,LF
